{

    "users":[
  
          {
  
             "user":"henrique.muller@pagueveloz.com.br",
             "pass":"465549d2-96be-4d76-ae32-9614bcff1217"
  
           },
  
           {
  
            "user":"lorena@teste.dev",
            "pass":"745814ef-8c53-4786-9ce8-aab63d6ef0da"
  
           },
  
           {
  
            "user":"teste-mobile@pagueveloz.dev",
  
            "pass":"b2c9b5c3-848d-4786-a193-ae537f4c1cd4"
  
           },
  
           {
  
            "user":"helder.souza@pagueveloz.com.br",
  
            "pass":"eb682ff7-ce8a-40c4-849d-31f1e0b62709"
  
           },
  
           {
  
            "user":"helder.souza+integracao@pagueveloz.com.br",
  
            "pass":"e0e08a5d-8dd7-4fa4-9dda-b030d79942d3"
  
           },
  
           {
  
            "user":"homolog.usuariososfabrica@sosplacas.com.br",
  
            "pass":"9ed4ec39-bc45-46ab-9605-2b15a4bd50c3"
  
           },
  
           {
  
            "user":"homolog.usuariososfabrica+integracao@sosplacas.com.br",
            "pass":"cc764ae7-7961-495e-b30b-02c8ad80e82b"
  
           },
  
           {
  
            "user":"lunardi.eliton@gmail.com",
            "pass":"a952c187-ac80-45e9-9364-c0e700d0e416"
  
           },
  
  
           {
  
            "user":"luiz.mottin@trackmob.com.br",
            "pass":"9183adfc-1589-4ba9-b3ab-6a5d888a03ce"
  
           },
  
           {
  
            "user":"luiz.mottin+integracao@trackmob.com.br",
            "pass":"9f206fb1-9138-4dfd-8088-9a7273ed7d5a"
  
           },
  
           {
  
            "user":"camila@trackmob.com.br",
            "pass":"3cbf7b47-216a-4161-9423-5b1a1f661028"
  
           },
  
           {
  
            "user":"leonardo.godoy@trackmob.com.br",
            "pass":"39e936a4-78c5-41ff-bb96-4d41faedcad4"
  
           },
  
           {
  
            "user":"giovana@trackmob.com.br",
            "pass":"f3108087-2acd-4e90-bfd9-3b7827ae9957"
  
           },
  
           {
  
            "user":"trackmob.pagueveloz+icrim.homolog@trackmob.com.br",
            "pass":"7c5806bd-edce-4768-bcc8-40ae20e95418"
  
           },
  
  
           {
  
            "user":"trackmob.pagueveloz+trackmob.homolog@trackmob.com.br",
            "pass":"5b70d1ed-aa56-4812-89dd-5b718ea22b17"
  
           },
  
  
  
           {
  
            "user":"05568777560@serasa.com.br",
            "pass":"f32080cf-dc0c-46eb-89da-98516e27e3c7"
  
           },
  
           {
  
            "user":"81978867093@serasa.com.br",
            "pass":"a5be09d2-7de5-494e-8cac-4230edaae09d"
  
           },
  
           {
  
            "user":"00336331266@serasa.com.br",
            "pass":"bab5ba94-edef-48fa-836b-64203fdd4f13"
  
           },
  
           {
  
            "user":"eliton.lunardi@br.experian.com",
            "pass":"90af2666-eee7-4eb1-97a5-97aa33db96df"
  
           }
  
          ]
  }